user_input,tool_call_output,tool_call_result,final_output
2025년 7월 25일 이후 29일째 되는 날 날짜 알려줘,"{""tool_call"": {""name"": ""calculate_date_"", ""arguments"": {""date_str"": ""2025-07-25"", ""days"": 29}}}",2025년 8월 23일,2025년 7월 25일 기준 결과가 2025년 08월 23일입니다.
2028/3/10부터 100일 전이 며칠인지 알려줘,"{""tool_call"": {""name"": ""calculate_date_"", ""arguments"": {""date_str"": ""2028-03-10"", ""days"": -100}}}",2027년 12월 1일,결과는 2027년 12월 01일입니다
2024년 3월 6일이 무슨 요일이야?,"{""tool_call"": {""name"": ""calculate_day_of_week_"", ""arguments"": {""date_str"": ""2024-03-06""}}}",수요일,그날은 수요일이에요! 혹시 더 궁금한 거 있어요?
2024년 9월 17일 다음으로 13일 지난 날은?,"{""tool_call"": {""name"": ""calculate_date_"", ""arguments"": {""date_str"": ""2024-09-17"", ""days"": 13}}}",2024년 9월 30일,계산 결과 2024년 09월 30일이에요! 다른 날짜도 필요하시면 말씀해 주세요.
2024년 9월 30일 기준 30일 전 날짜를 계산해줘,"{""tool_call"": {""name"": ""calculate_date_"", ""arguments"": {""date_str"": ""2024-09-30"", ""days"": -30}}}",2024년 8월 31일,2024년 9월 30일 기준 결과가 2024년 08월 31일입니다.
2028년 6월 27일 요일을 알려줘,"{""tool_call"": {""name"": ""calculate_day_of_week_"", ""arguments"": {""date_str"": ""2028-06-27""}}}",화요일,확인해보니 2028년 6월 27일은 화요일입니다 😊
2026년 4월 14일 다음으로 22일 지난 날은?,"{""tool_call"": {""name"": ""calculate_date_"", ""arguments"": {""date_str"": ""2026-04-14"", ""days"": 22}}}",2026년 5월 6일,원하신 날짜는 2026년 05월 06일입니다. 맞죠?
2028년 3월 27일이 무슨 요일이야?,"{""tool_call"": {""name"": ""calculate_day_of_week_"", ""arguments"": {""date_str"": ""2028-03-27""}}}",월요일,그날은 월요일이에요! 혹시 더 궁금한 거 있어요?
2027년 6월 28일 다음으로 100일 지난 날은?,"{""tool_call"": {""name"": ""calculate_date_"", ""arguments"": {""date_str"": ""2027-06-28"", ""days"": 100}}}",2027년 10월 6일,2027년 6월 28일 기준 결과가 2027년 10월 06일입니다.
2024-03-31 기준 1일 후 날짜가 뭐야?,"{""tool_call"": {""name"": ""calculate_date_"", ""arguments"": {""date_str"": ""2024-03-31"", ""days"": 1}}}",2024년 4월 1일,요청하신 결과: 2024년 04월 01일입니다. 추가로 요일도 확인해드릴까요?
2028년 12월 1일로부터 17일 지나면 날짜가?,"{""tool_call"": {""name"": ""calculate_date_"", ""arguments"": {""date_str"": ""2028-12-01"", ""days"": 17}}}",2028년 12월 18일,원하신 날짜는 2028년 12월 18일입니다. 맞죠?
2024년 4월 13일에서 100일 전 날짜 알려줘,"{""tool_call"": {""name"": ""calculate_date_"", ""arguments"": {""date_str"": ""2024-04-13"", ""days"": -100}}}",2024년 1월 4일,2024년 01월 04일입니다 😊 일정에 도움이 되길 바라요!
2028년 10월 17일이 어떤 요일인지 궁금해,"{""tool_call"": {""name"": ""calculate_day_of_week_"", ""arguments"": {""date_str"": ""2028-10-17""}}}",화요일,그날은 화요일이에요! 혹시 더 궁금한 거 있어요?
2025년 9월 25일로부터 27일 지나면 날짜가?,"{""tool_call"": {""name"": ""calculate_date_"", ""arguments"": {""date_str"": ""2025-09-25"", ""days"": 27}}}",2025년 10월 22일,계산해보니 2025년 10월 22일이네요. 계획 세우는 데 도움이 되길!
2027/1/11부터 6일 뒤가 며칠인지 알려줘,"{""tool_call"": {""name"": ""calculate_date_"", ""arguments"": {""date_str"": ""2027-01-11"", ""days"": 6}}}",2027년 1월 17일,2027년 01월 17일! 확인 완료입니다.
2026년 7월 10일로부터 17일 빼면 날짜가?,"{""tool_call"": {""name"": ""calculate_date_"", ""arguments"": {""date_str"": ""2026-07-10"", ""days"": -17}}}",2026년 6월 23일,계산해보니 2026년 06월 23일이네요. 계획 세우는 데 도움이 되길!
2025년 4월 13일 요일을 알려줘,"{""tool_call"": {""name"": ""calculate_day_of_week_"", ""arguments"": {""date_str"": ""2025-04-13""}}}",일요일,2025년 4월 13일은 일요일입니다. 혹시 추가 질문 있으신가요?
2026-04-01 요일 알려줘,"{""tool_call"": {""name"": ""calculate_day_of_week_"", ""arguments"": {""date_str"": ""2026-04-01""}}}",수요일,그날은 수요일이에요! 혹시 더 궁금한 거 있어요?
2028년 10월 20일부터 180일 후는 언제야?,"{""tool_call"": {""name"": ""calculate_date_"", ""arguments"": {""date_str"": ""2028-10-20"", ""days"": 180}}}",2029년 4월 18일,정리하면 2029년 04월 18일입니다. 혹시 기간을 바꿔 다시 계산할까요?
2028-02-27 요일 알려줘,"{""tool_call"": {""name"": ""calculate_day_of_week_"", ""arguments"": {""date_str"": ""2028-02-27""}}}",일요일,확인해보니 2028년 2월 27일은 일요일입니다 😊
2028년 8월 10일이 무슨 요일이야?,"{""tool_call"": {""name"": ""calculate_day_of_week_"", ""arguments"": {""date_str"": ""2028-08-10""}}}",목요일,결과: 2028년 8월 10일은 목요일입니다. 일정 잡으시나요?
2025년 7월 26일로부터 250일 빼면 날짜가?,"{""tool_call"": {""name"": ""calculate_date_"", ""arguments"": {""date_str"": ""2025-07-26"", ""days"": -250}}}",2024년 11월 18일,계산해보니 2024년 11월 18일이네요. 계획 세우는 데 도움이 되길!
2026년 6월 2일에서 5일 앞은 언제야?,"{""tool_call"": {""name"": ""calculate_date_"", ""arguments"": {""date_str"": ""2026-06-02"", ""days"": -5}}}",2026년 5월 28일,2026년 6월 2일 기준 결과가 2026년 05월 28일입니다.
2025년 5월 26일 기준으로 5일 후 날짜를 계산해줘,"{""tool_call"": {""name"": ""calculate_date_"", ""arguments"": {""date_str"": ""2025-05-26"", ""days"": 5}}}",2025년 5월 31일,2025년 5월 26일에서 계산하면 2025년 05월 31일입니다. 더 계산해볼까요?
2028년 7월 13일에서 100일 거슬러 올라가면 며칠이야?,"{""tool_call"": {""name"": ""calculate_date_"", ""arguments"": {""date_str"": ""2028-07-13"", ""days"": -100}}}",2028년 4월 4일,2028년 04월 04일! 확인 완료입니다.
2026년 7월 7일은 무슨 요일인가요?,"{""tool_call"": {""name"": ""calculate_day_of_week_"", ""arguments"": {""date_str"": ""2026-07-07""}}}",화요일,2026년 7월 7일은 화요일이네요. 참고가 됐으면 좋겠어요!
2024년 7월 23일 기준으로 5일 후 날짜를 계산해줘,"{""tool_call"": {""name"": ""calculate_date_"", ""arguments"": {""date_str"": ""2024-07-23"", ""days"": 5}}}",2024년 7월 28일,요청하신 결과: 2024년 07월 28일입니다. 추가로 요일도 확인해드릴까요?
2024년 10월 28일 이후 2일째 되는 날 날짜 알려줘,"{""tool_call"": {""name"": ""calculate_date_"", ""arguments"": {""date_str"": ""2024-10-28"", ""days"": 2}}}",2024년 10월 30일,2024년 10월 28일 기준 결과가 2024년 10월 30일입니다.
2025년 9월 14일에서 정확히 19일 뒤는 며칠이야?,"{""tool_call"": {""name"": ""calculate_date_"", ""arguments"": {""date_str"": ""2025-09-14"", ""days"": 19}}}",2025년 10월 3일,2025년 9월 14일 기준 결과가 2025년 10월 03일입니다.
2026년 11월 18일이 어떤 요일인지 궁금해,"{""tool_call"": {""name"": ""calculate_day_of_week_"", ""arguments"": {""date_str"": ""2026-11-18""}}}",수요일,2026년 11월 18일의 요일은 수요일입니다!
2027년 6월 22일에서 정확히 6일 뒤는 며칠이야?,"{""tool_call"": {""name"": ""calculate_date_"", ""arguments"": {""date_str"": ""2027-06-22"", ""days"": 6}}}",2027년 6월 28일,2027년 6월 22일 기준 결과가 2027년 06월 28일입니다.
2024년 4월 28일이 어떤 요일인지 궁금해,"{""tool_call"": {""name"": ""calculate_day_of_week_"", ""arguments"": {""date_str"": ""2024-04-28""}}}",일요일,일요일입니다! (2024년 4월 28일 기준)
2027년 6월 6일 기준으로 90일 후 날짜를 계산해줘,"{""tool_call"": {""name"": ""calculate_date_"", ""arguments"": {""date_str"": ""2027-06-06"", ""days"": 90}}}",2027년 9월 4일,요청하신 결과: 2027년 09월 04일입니다. 추가로 요일도 확인해드릴까요?
2028년 11월 4일이 무슨 요일인지 짧게 알려줘,"{""tool_call"": {""name"": ""calculate_day_of_week_"", ""arguments"": {""date_str"": ""2028-11-04""}}}",토요일,2028년 11월 4일은 토요일입니다. 혹시 추가 질문 있으신가요?
2028/7/9부터 100일 전이 며칠인지 알려줘,"{""tool_call"": {""name"": ""calculate_date_"", ""arguments"": {""date_str"": ""2028-07-09"", ""days"": -100}}}",2028년 3월 31일,정리하면 2028년 03월 31일입니다. 혹시 기간을 바꿔 다시 계산할까요?
2028년 2월 15일에 100일 더하면 며칠이야?,"{""tool_call"": {""name"": ""calculate_date_"", ""arguments"": {""date_str"": ""2028-02-15"", ""days"": 100}}}",2028년 5월 25일,원하신 날짜는 2028년 05월 25일입니다. 맞죠?
"2024년 5월 4일, 요일 체크해줘!","{""tool_call"": {""name"": ""calculate_day_of_week_"", ""arguments"": {""date_str"": ""2024-05-04""}}}",토요일,결과: 2024년 5월 4일은 토요일입니다. 일정 잡으시나요?
2028-12-15 기준 27일 전 날짜가 뭐야?,"{""tool_call"": {""name"": ""calculate_date_"", ""arguments"": {""date_str"": ""2028-12-15"", ""days"": -27}}}",2028년 11월 18일,2028년 11월 18일입니다 😊 일정에 도움이 되길 바라요!
2028년 5월 25일의 weekday가 뭐야?,"{""tool_call"": {""name"": ""calculate_day_of_week_"", ""arguments"": {""date_str"": ""2028-05-25""}}}",목요일,2028년 5월 25일은 목요일이네요. 참고가 됐으면 좋겠어요!
"2027년 9월 11일, 요일 체크해줘!","{""tool_call"": {""name"": ""calculate_day_of_week_"", ""arguments"": {""date_str"": ""2027-09-11""}}}",토요일,결과: 2027년 9월 11일은 토요일입니다. 일정 잡으시나요?
2027년 1월 3일 요일을 알려줘,"{""tool_call"": {""name"": ""calculate_day_of_week_"", ""arguments"": {""date_str"": ""2027-01-03""}}}",일요일,2027년 1월 3일은 일요일이네요. 참고가 됐으면 좋겠어요!
2025-01-10 요일 알려줘,"{""tool_call"": {""name"": ""calculate_day_of_week_"", ""arguments"": {""date_str"": ""2025-01-10""}}}",금요일,2025년 1월 10일은 금요일입니다. 필요하면 전후 날짜도 계산해드릴게요.
2025년 5월 20일이 무슨 요일인지 짧게 알려줘,"{""tool_call"": {""name"": ""calculate_day_of_week_"", ""arguments"": {""date_str"": ""2025-05-20""}}}",화요일,요청하신 날짜(2025년 5월 20일)는 화요일입니다.
2027년 10월 2일의 weekday가 뭐야?,"{""tool_call"": {""name"": ""calculate_day_of_week_"", ""arguments"": {""date_str"": ""2027-10-02""}}}",토요일,확인해보니 2027년 10월 2일은 토요일입니다 😊
2028년 9월 22일이 무슨 요일이야?,"{""tool_call"": {""name"": ""calculate_day_of_week_"", ""arguments"": {""date_str"": ""2028-09-22""}}}",금요일,확인해보니 2028년 9월 22일은 금요일입니다 😊
2024년 5월 25일이 무슨 요일인지 짧게 알려줘,"{""tool_call"": {""name"": ""calculate_day_of_week_"", ""arguments"": {""date_str"": ""2024-05-25""}}}",토요일,2024년 5월 25일은 토요일입니다. 혹시 추가 질문 있으신가요?
2027년 4월 20일이 어떤 요일인지 궁금해,"{""tool_call"": {""name"": ""calculate_day_of_week_"", ""arguments"": {""date_str"": ""2027-04-20""}}}",화요일,2027년 4월 20일은 화요일입니다. 혹시 추가 질문 있으신가요?
2027-09-20 기준 7일 전 날짜가 뭐야?,"{""tool_call"": {""name"": ""calculate_date_"", ""arguments"": {""date_str"": ""2027-09-20"", ""days"": -7}}}",2027년 9월 13일,요청하신 결과: 2027년 09월 13일입니다. 추가로 요일도 확인해드릴까요?
2027-01-08 요일 알려줘,"{""tool_call"": {""name"": ""calculate_day_of_week_"", ""arguments"": {""date_str"": ""2027-01-08""}}}",금요일,금요일입니다! (2027년 1월 8일 기준)
2024년 2월 9일 요일을 알려줘,"{""tool_call"": {""name"": ""calculate_day_of_week_"", ""arguments"": {""date_str"": ""2024-02-09""}}}",금요일,결과: 2024년 2월 9일은 금요일입니다. 일정 잡으시나요?
2024-10-19 요일 알려줘,"{""tool_call"": {""name"": ""calculate_day_of_week_"", ""arguments"": {""date_str"": ""2024-10-19""}}}",토요일,2024년 10월 19일 → 토요일입니다. 다른 날짜도 확인해드릴까요?
2024년 6월 10일 요일을 알려줘,"{""tool_call"": {""name"": ""calculate_day_of_week_"", ""arguments"": {""date_str"": ""2024-06-10""}}}",월요일,2024년 6월 10일은 월요일입니다. 필요하면 전후 날짜도 계산해드릴게요.
2026년 2월 20일은 토요일/일요일 중 어느 쪽이야?,"{""tool_call"": {""name"": ""calculate_day_of_week_"", ""arguments"": {""date_str"": ""2026-02-20""}}}",금요일,2026년 2월 20일은 금요일입니다. 필요하면 전후 날짜도 계산해드릴게요.
2025년 6월 25일이 무슨 요일이야?,"{""tool_call"": {""name"": ""calculate_day_of_week_"", ""arguments"": {""date_str"": ""2025-06-25""}}}",수요일,2025년 6월 25일은 수요일입니다. 필요하면 전후 날짜도 계산해드릴게요.
2025년 8월 6일 기준으로 11일 후 날짜를 계산해줘,"{""tool_call"": {""name"": ""calculate_date_"", ""arguments"": {""date_str"": ""2025-08-06"", ""days"": 11}}}",2025년 8월 17일,요청하신 결과: 2025년 08월 17일입니다. 추가로 요일도 확인해드릴까요?
2025년 1월 7일로부터 45일 지나면 날짜가?,"{""tool_call"": {""name"": ""calculate_date_"", ""arguments"": {""date_str"": ""2025-01-07"", ""days"": 45}}}",2025년 2월 21일,정리하면 2025년 02월 21일입니다. 혹시 기간을 바꿔 다시 계산할까요?
2025년 10월 11일 기준 29일 전 날짜를 계산해줘,"{""tool_call"": {""name"": ""calculate_date_"", ""arguments"": {""date_str"": ""2025-10-11"", ""days"": -29}}}",2025년 9월 12일,2025년 09월 12일! 확인 완료입니다.
2028년 5월 13일이 월/화/수 중 뭐야? (정확히 알려줘),"{""tool_call"": {""name"": ""calculate_day_of_week_"", ""arguments"": {""date_str"": ""2028-05-13""}}}",토요일,2028년 5월 13일은 토요일입니다. 혹시 추가 질문 있으신가요?
2025년 8월 4일에서 정확히 60일 전은 며칠이야?,"{""tool_call"": {""name"": ""calculate_date_"", ""arguments"": {""date_str"": ""2025-08-04"", ""days"": -60}}}",2025년 6월 5일,정리하면 2025년 06월 05일입니다. 혹시 기간을 바꿔 다시 계산할까요?
2026년 1월 11일이 어떤 요일인지 궁금해,"{""tool_call"": {""name"": ""calculate_day_of_week_"", ""arguments"": {""date_str"": ""2026-01-11""}}}",일요일,2026년 1월 11일 → 일요일입니다. 다른 날짜도 확인해드릴까요?
2025년 5월 3일로부터 17일 지나면 날짜가?,"{""tool_call"": {""name"": ""calculate_date_"", ""arguments"": {""date_str"": ""2025-05-03"", ""days"": 17}}}",2025년 5월 20일,결과는 2025년 05월 20일입니다
2026년 11월 2일 다음으로 22일 지난 날은?,"{""tool_call"": {""name"": ""calculate_date_"", ""arguments"": {""date_str"": ""2026-11-02"", ""days"": 22}}}",2026년 11월 24일,결과는 2026년 11월 24일입니다
2024년 6월 10일이 월/화/수 중 뭐야? (정확히 알려줘),"{""tool_call"": {""name"": ""calculate_day_of_week_"", ""arguments"": {""date_str"": ""2024-06-10""}}}",월요일,2024년 6월 10일의 요일은 월요일입니다!
2027년 6월 1일 요일만 딱 말해줘,"{""tool_call"": {""name"": ""calculate_day_of_week_"", ""arguments"": {""date_str"": ""2027-06-01""}}}",화요일,2027년 6월 1일 → 화요일입니다. 다른 날짜도 확인해드릴까요?
2025년 5월 3일에서 9일 뒤 날짜 알려줘,"{""tool_call"": {""name"": ""calculate_date_"", ""arguments"": {""date_str"": ""2025-05-03"", ""days"": 9}}}",2025년 5월 12일,2025년 5월 3일 기준 결과가 2025년 05월 12일입니다.
2025년 3월 8일은 토요일/일요일 중 어느 쪽이야?,"{""tool_call"": {""name"": ""calculate_day_of_week_"", ""arguments"": {""date_str"": ""2025-03-08""}}}",토요일,결과: 2025년 3월 8일은 토요일입니다. 일정 잡으시나요?
2028년 9월 19일 요일만 딱 말해줘,"{""tool_call"": {""name"": ""calculate_day_of_week_"", ""arguments"": {""date_str"": ""2028-09-19""}}}",화요일,요청하신 날짜(2028년 9월 19일)는 화요일입니다.
2027/10/19부터 25일 뒤가 며칠인지 알려줘,"{""tool_call"": {""name"": ""calculate_date_"", ""arguments"": {""date_str"": ""2027-10-19"", ""days"": 25}}}",2027년 11월 13일,2027년 10월 19일에서 계산하면 2027년 11월 13일입니다. 더 계산해볼까요?
2028년 10월 28일이 무슨 요일이야?,"{""tool_call"": {""name"": ""calculate_day_of_week_"", ""arguments"": {""date_str"": ""2028-10-28""}}}",토요일,그날은 토요일이에요! 혹시 더 궁금한 거 있어요?
2027년 8월 2일 요일을 알려줘,"{""tool_call"": {""name"": ""calculate_day_of_week_"", ""arguments"": {""date_str"": ""2027-08-02""}}}",월요일,2027년 8월 2일은 월요일입니다. 혹시 추가 질문 있으신가요?
2027/5/3부터 5일 전이 며칠인지 알려줘,"{""tool_call"": {""name"": ""calculate_date_"", ""arguments"": {""date_str"": ""2027-05-03"", ""days"": -5}}}",2027년 4월 28일,2027년 04월 28일! 확인 완료입니다.
2026/12/6부터 21일 전이 며칠인지 알려줘,"{""tool_call"": {""name"": ""calculate_date_"", ""arguments"": {""date_str"": ""2026-12-06"", ""days"": -21}}}",2026년 11월 15일,정리하면 2026년 11월 15일입니다. 혹시 기간을 바꿔 다시 계산할까요?
2028년 10월 6일에서 정확히 5일 뒤는 며칠이야?,"{""tool_call"": {""name"": ""calculate_date_"", ""arguments"": {""date_str"": ""2028-10-06"", ""days"": 5}}}",2028년 10월 11일,2028년 10월 11일입니다 😊 일정에 도움이 되길 바라요!
2024년 4월 3일 요일만 딱 말해줘,"{""tool_call"": {""name"": ""calculate_day_of_week_"", ""arguments"": {""date_str"": ""2024-04-03""}}}",수요일,확인해보니 2024년 4월 3일은 수요일입니다 😊
2028/1/11부터 25일 뒤가 며칠인지 알려줘,"{""tool_call"": {""name"": ""calculate_date_"", ""arguments"": {""date_str"": ""2028-01-11"", ""days"": 25}}}",2028년 2월 5일,계산 결과 2028년 02월 05일이에요! 다른 날짜도 필요하시면 말씀해 주세요.
2028/12/18은 무슨 요일이죠?,"{""tool_call"": {""name"": ""calculate_day_of_week_"", ""arguments"": {""date_str"": ""2028-12-18""}}}",월요일,월요일입니다! (2028년 12월 18일 기준)
2024/12/6부터 27일 뒤가 며칠인지 알려줘,"{""tool_call"": {""name"": ""calculate_date_"", ""arguments"": {""date_str"": ""2024-12-06"", ""days"": 27}}}",2025년 1월 2일,2025년 01월 02일! 확인 완료입니다.
2025년 3월 25일 요일만 딱 말해줘,"{""tool_call"": {""name"": ""calculate_day_of_week_"", ""arguments"": {""date_str"": ""2025-03-25""}}}",화요일,결과: 2025년 3월 25일은 화요일입니다. 일정 잡으시나요?
2026/1/28은 무슨 요일이죠?,"{""tool_call"": {""name"": ""calculate_day_of_week_"", ""arguments"": {""date_str"": ""2026-01-28""}}}",수요일,확인해보니 2026년 1월 28일은 수요일입니다 😊
2028-11-05 기준 11일 전 날짜가 뭐야?,"{""tool_call"": {""name"": ""calculate_date_"", ""arguments"": {""date_str"": ""2028-11-05"", ""days"": -11}}}",2028년 10월 25일,2028년 10월 25일! 확인 완료입니다.
2025-11-27 요일 알려줘,"{""tool_call"": {""name"": ""calculate_day_of_week_"", ""arguments"": {""date_str"": ""2025-11-27""}}}",목요일,2025년 11월 27일 → 목요일입니다. 다른 날짜도 확인해드릴까요?
2028-08-28 기준 120일 후 날짜가 뭐야?,"{""tool_call"": {""name"": ""calculate_date_"", ""arguments"": {""date_str"": ""2028-08-28"", ""days"": 120}}}",2028년 12월 26일,결과는 2028년 12월 26일입니다
2027년 5월 17일이 무슨 요일이야?,"{""tool_call"": {""name"": ""calculate_day_of_week_"", ""arguments"": {""date_str"": ""2027-05-17""}}}",월요일,요청하신 날짜(2027년 5월 17일)는 월요일입니다.
2025년 3월 25일부터 18일 후는 언제야?,"{""tool_call"": {""name"": ""calculate_date_"", ""arguments"": {""date_str"": ""2025-03-25"", ""days"": 18}}}",2025년 4월 12일,2025년 04월 12일! 확인 완료입니다.
2026년 6월 10일로부터 12일 빼면 날짜가?,"{""tool_call"": {""name"": ""calculate_date_"", ""arguments"": {""date_str"": ""2026-06-10"", ""days"": -12}}}",2026년 5월 29일,2026년 6월 10일 기준 결과가 2026년 05월 29일입니다.
2026년 3월 21일 요일만 딱 말해줘,"{""tool_call"": {""name"": ""calculate_day_of_week_"", ""arguments"": {""date_str"": ""2026-03-21""}}}",토요일,2026년 3월 21일은 토요일입니다. 필요하면 전후 날짜도 계산해드릴게요.
2028년 4월 23일 요일만 딱 말해줘,"{""tool_call"": {""name"": ""calculate_day_of_week_"", ""arguments"": {""date_str"": ""2028-04-23""}}}",일요일,결과: 2028년 4월 23일은 일요일입니다. 일정 잡으시나요?
2025년 10월 4일로부터 8일 빼면 날짜가?,"{""tool_call"": {""name"": ""calculate_date_"", ""arguments"": {""date_str"": ""2025-10-04"", ""days"": -8}}}",2025년 9월 26일,계산해보니 2025년 09월 26일이네요. 계획 세우는 데 도움이 되길!
2026년 9월 19일 이후 365일째 되는 날 날짜 알려줘,"{""tool_call"": {""name"": ""calculate_date_"", ""arguments"": {""date_str"": ""2026-09-19"", ""days"": 365}}}",2027년 9월 19일,2026년 9월 19일에서 계산하면 2027년 09월 19일입니다. 더 계산해볼까요?
2024-01-20 기준 8일 후 날짜가 뭐야?,"{""tool_call"": {""name"": ""calculate_date_"", ""arguments"": {""date_str"": ""2024-01-20"", ""days"": 8}}}",2024년 1월 28일,계산해보니 2024년 01월 28일이네요. 계획 세우는 데 도움이 되길!
2028년 1월 18일이 무슨 요일인지 짧게 알려줘,"{""tool_call"": {""name"": ""calculate_day_of_week_"", ""arguments"": {""date_str"": ""2028-01-18""}}}",화요일,2028년 1월 18일의 요일은 화요일입니다!
2027년 6월 3일 이후 25일째 되는 날 날짜 알려줘,"{""tool_call"": {""name"": ""calculate_date_"", ""arguments"": {""date_str"": ""2027-06-03"", ""days"": 25}}}",2027년 6월 28일,정리하면 2027년 06월 28일입니다. 혹시 기간을 바꿔 다시 계산할까요?
2028-12-04 요일 알려줘,"{""tool_call"": {""name"": ""calculate_day_of_week_"", ""arguments"": {""date_str"": ""2028-12-04""}}}",월요일,확인해보니 2028년 12월 4일은 월요일입니다 😊
2027-10-04 요일 알려줘,"{""tool_call"": {""name"": ""calculate_day_of_week_"", ""arguments"": {""date_str"": ""2027-10-04""}}}",월요일,그날은 월요일이에요! 혹시 더 궁금한 거 있어요?
2024/5/11은 무슨 요일이죠?,"{""tool_call"": {""name"": ""calculate_day_of_week_"", ""arguments"": {""date_str"": ""2024-05-11""}}}",토요일,2024년 5월 11일은 토요일입니다. 혹시 추가 질문 있으신가요?
2027년 10월 7일 요일만 딱 말해줘,"{""tool_call"": {""name"": ""calculate_day_of_week_"", ""arguments"": {""date_str"": ""2027-10-07""}}}",목요일,결과: 2027년 10월 7일은 목요일입니다. 일정 잡으시나요?
2025년 9월 3일 이전 25일째 되는 날은?,"{""tool_call"": {""name"": ""calculate_date_"", ""arguments"": {""date_str"": ""2025-09-03"", ""days"": -25}}}",2025년 8월 9일,계산해보니 2025년 08월 09일이네요. 계획 세우는 데 도움이 되길!
2027년 10월 28일이 월/화/수 중 뭐야? (정확히 알려줘),"{""tool_call"": {""name"": ""calculate_day_of_week_"", ""arguments"": {""date_str"": ""2027-10-28""}}}",목요일,2027년 10월 28일의 요일은 목요일입니다!
2025년 1월 27일이 어떤 요일인지 궁금해,"{""tool_call"": {""name"": ""calculate_day_of_week_"", ""arguments"": {""date_str"": ""2025-01-27""}}}",월요일,요청하신 날짜(2025년 1월 27일)는 월요일입니다.
2027년 9월 13일의 weekday가 뭐야?,"{""tool_call"": {""name"": ""calculate_day_of_week_"", ""arguments"": {""date_str"": ""2027-09-13""}}}",월요일,요청하신 날짜(2027년 9월 13일)는 월요일입니다.
2026/1/5은 무슨 요일이죠?,"{""tool_call"": {""name"": ""calculate_day_of_week_"", ""arguments"": {""date_str"": ""2026-01-05""}}}",월요일,월요일입니다! (2026년 1월 5일 기준)
2024년 11월 30일의 weekday가 뭐야?,"{""tool_call"": {""name"": ""calculate_day_of_week_"", ""arguments"": {""date_str"": ""2024-11-30""}}}",토요일,2024년 11월 30일은 토요일이네요. 참고가 됐으면 좋겠어요!
2027-04-21 요일 알려줘,"{""tool_call"": {""name"": ""calculate_day_of_week_"", ""arguments"": {""date_str"": ""2027-04-21""}}}",수요일,2027년 4월 21일은 수요일입니다. 혹시 추가 질문 있으신가요?
2025년 3월 11일 요일만 딱 말해줘,"{""tool_call"": {""name"": ""calculate_day_of_week_"", ""arguments"": {""date_str"": ""2025-03-11""}}}",화요일,2025년 3월 11일은 화요일입니다. 필요하면 전후 날짜도 계산해드릴게요.
2025년 3월 6일에서 16일 앞은 언제야?,"{""tool_call"": {""name"": ""calculate_date_"", ""arguments"": {""date_str"": ""2025-03-06"", ""days"": -16}}}",2025년 2월 18일,계산해보니 2025년 02월 18일이네요. 계획 세우는 데 도움이 되길!
2025년 7월 23일에서 27일 뒤 날짜 알려줘,"{""tool_call"": {""name"": ""calculate_date_"", ""arguments"": {""date_str"": ""2025-07-23"", ""days"": 27}}}",2025년 8월 19일,결과는 2025년 08월 19일입니다
2024년 4월 12일 기준으로 200일 후 날짜를 계산해줘,"{""tool_call"": {""name"": ""calculate_date_"", ""arguments"": {""date_str"": ""2024-04-12"", ""days"": 200}}}",2024년 10월 29일,계산 결과 2024년 10월 29일이에요! 다른 날짜도 필요하시면 말씀해 주세요.
2028년 8월 25일 요일만 딱 말해줘,"{""tool_call"": {""name"": ""calculate_day_of_week_"", ""arguments"": {""date_str"": ""2028-08-25""}}}",금요일,금요일입니다! (2028년 8월 25일 기준)
2024-03-14 기준 24일 후 날짜가 뭐야?,"{""tool_call"": {""name"": ""calculate_date_"", ""arguments"": {""date_str"": ""2024-03-14"", ""days"": 24}}}",2024년 4월 7일,2024년 04월 07일! 확인 완료입니다.
2027년 1월 9일은 무슨 요일인가요?,"{""tool_call"": {""name"": ""calculate_day_of_week_"", ""arguments"": {""date_str"": ""2027-01-09""}}}",토요일,토요일입니다! (2027년 1월 9일 기준)
2027년 9월 5일에서 1일 전 날짜 알려줘,"{""tool_call"": {""name"": ""calculate_date_"", ""arguments"": {""date_str"": ""2027-09-05"", ""days"": -1}}}",2027년 9월 4일,2027년 09월 04일! 확인 완료입니다.
2028년 11월 21일은 토요일/일요일 중 어느 쪽이야?,"{""tool_call"": {""name"": ""calculate_day_of_week_"", ""arguments"": {""date_str"": ""2028-11-21""}}}",화요일,2028년 11월 21일은 화요일이네요. 참고가 됐으면 좋겠어요!
2026년 5월 9일이 어떤 요일인지 궁금해,"{""tool_call"": {""name"": ""calculate_day_of_week_"", ""arguments"": {""date_str"": ""2026-05-09""}}}",토요일,2026년 5월 9일은 토요일입니다. 필요하면 전후 날짜도 계산해드릴게요.
2025년 11월 1일에 14일 더하면 며칠이야?,"{""tool_call"": {""name"": ""calculate_date_"", ""arguments"": {""date_str"": ""2025-11-01"", ""days"": 14}}}",2025년 11월 15일,2025년 11월 15일! 확인 완료입니다.
2026-12-19 요일 알려줘,"{""tool_call"": {""name"": ""calculate_day_of_week_"", ""arguments"": {""date_str"": ""2026-12-19""}}}",토요일,요청하신 날짜(2026년 12월 19일)는 토요일입니다.
2025년 2월 11일이 무슨 요일인지 짧게 알려줘,"{""tool_call"": {""name"": ""calculate_day_of_week_"", ""arguments"": {""date_str"": ""2025-02-11""}}}",화요일,요청하신 날짜(2025년 2월 11일)는 화요일입니다.
2024년 11월 13일부터 13일 후는 언제야?,"{""tool_call"": {""name"": ""calculate_date_"", ""arguments"": {""date_str"": ""2024-11-13"", ""days"": 13}}}",2024년 11월 26일,2024년 11월 13일 기준 결과가 2024년 11월 26일입니다.
"2024년 7월 8일, 요일 체크해줘!","{""tool_call"": {""name"": ""calculate_day_of_week_"", ""arguments"": {""date_str"": ""2024-07-08""}}}",월요일,그날은 월요일이에요! 혹시 더 궁금한 거 있어요?
2025년 12월 12일에 100일 더하면 며칠이야?,"{""tool_call"": {""name"": ""calculate_date_"", ""arguments"": {""date_str"": ""2025-12-12"", ""days"": 100}}}",2026년 3월 22일,2025년 12월 12일에서 계산하면 2026년 03월 22일입니다. 더 계산해볼까요?
2024년 9월 2일에서 정확히 180일 뒤는 며칠이야?,"{""tool_call"": {""name"": ""calculate_date_"", ""arguments"": {""date_str"": ""2024-09-02"", ""days"": 180}}}",2025년 3월 1일,원하신 날짜는 2025년 03월 01일입니다. 맞죠?
2024년 9월 18일부터 3일 후는 언제야?,"{""tool_call"": {""name"": ""calculate_date_"", ""arguments"": {""date_str"": ""2024-09-18"", ""days"": 3}}}",2024년 9월 21일,정리하면 2024년 09월 21일입니다. 혹시 기간을 바꿔 다시 계산할까요?
2028년 6월 30일에서 16일 뒤 날짜 알려줘,"{""tool_call"": {""name"": ""calculate_date_"", ""arguments"": {""date_str"": ""2028-06-30"", ""days"": 16}}}",2028년 7월 16일,2028년 07월 16일! 확인 완료입니다.
2025년 3월 23일이 어떤 요일인지 궁금해,"{""tool_call"": {""name"": ""calculate_day_of_week_"", ""arguments"": {""date_str"": ""2025-03-23""}}}",일요일,요청하신 날짜(2025년 3월 23일)는 일요일입니다.
2026-11-12 기준 31일 전 날짜가 뭐야?,"{""tool_call"": {""name"": ""calculate_date_"", ""arguments"": {""date_str"": ""2026-11-12"", ""days"": -31}}}",2026년 10월 12일,2026년 11월 12일에서 계산하면 2026년 10월 12일입니다. 더 계산해볼까요?
2025년 9월 29일로부터 7일 지나면 날짜가?,"{""tool_call"": {""name"": ""calculate_date_"", ""arguments"": {""date_str"": ""2025-09-29"", ""days"": 7}}}",2025년 10월 6일,2025년 9월 29일 기준 결과가 2025년 10월 06일입니다.
2026년 5월 27일은 토요일/일요일 중 어느 쪽이야?,"{""tool_call"": {""name"": ""calculate_day_of_week_"", ""arguments"": {""date_str"": ""2026-05-27""}}}",수요일,2026년 5월 27일은 수요일이네요. 참고가 됐으면 좋겠어요!
2024년 2월 9일에 100일 더하면 며칠이야?,"{""tool_call"": {""name"": ""calculate_date_"", ""arguments"": {""date_str"": ""2024-02-09"", ""days"": 100}}}",2024년 5월 19일,2024년 05월 19일입니다 😊 일정에 도움이 되길 바라요!
2027년 11월 8일 기준 365일 전 날짜를 계산해줘,"{""tool_call"": {""name"": ""calculate_date_"", ""arguments"": {""date_str"": ""2027-11-08"", ""days"": -365}}}",2026년 11월 8일,결과는 2026년 11월 08일입니다
2024-08-24 기준 7일 전 날짜가 뭐야?,"{""tool_call"": {""name"": ""calculate_date_"", ""arguments"": {""date_str"": ""2024-08-24"", ""days"": -7}}}",2024년 8월 17일,요청하신 결과: 2024년 08월 17일입니다. 추가로 요일도 확인해드릴까요?
2025년 11월 19일에서 26일 거슬러 올라가면 며칠이야?,"{""tool_call"": {""name"": ""calculate_date_"", ""arguments"": {""date_str"": ""2025-11-19"", ""days"": -26}}}",2025년 10월 24일,계산 결과 2025년 10월 24일이에요! 다른 날짜도 필요하시면 말씀해 주세요.
2027년 11월 22일에서 10일 전 날짜 알려줘,"{""tool_call"": {""name"": ""calculate_date_"", ""arguments"": {""date_str"": ""2027-11-22"", ""days"": -10}}}",2027년 11월 12일,2027년 11월 12일! 확인 완료입니다.
2027/7/25은 무슨 요일이죠?,"{""tool_call"": {""name"": ""calculate_day_of_week_"", ""arguments"": {""date_str"": ""2027-07-25""}}}",일요일,2027년 7월 25일 → 일요일입니다. 다른 날짜도 확인해드릴까요?
2027년 5월 25일에서 250일 전 날짜 알려줘,"{""tool_call"": {""name"": ""calculate_date_"", ""arguments"": {""date_str"": ""2027-05-25"", ""days"": -250}}}",2026년 9월 17일,계산 결과 2026년 09월 17일이에요! 다른 날짜도 필요하시면 말씀해 주세요.
2027년 10월 23일부터 100일 후는 언제야?,"{""tool_call"": {""name"": ""calculate_date_"", ""arguments"": {""date_str"": ""2027-10-23"", ""days"": 100}}}",2028년 1월 31일,2027년 10월 23일에서 계산하면 2028년 01월 31일입니다. 더 계산해볼까요?
2025년 3월 9일이 월/화/수 중 뭐야? (정확히 알려줘),"{""tool_call"": {""name"": ""calculate_day_of_week_"", ""arguments"": {""date_str"": ""2025-03-09""}}}",일요일,확인해보니 2025년 3월 9일은 일요일입니다 😊
2025/3/16은 무슨 요일이죠?,"{""tool_call"": {""name"": ""calculate_day_of_week_"", ""arguments"": {""date_str"": ""2025-03-16""}}}",일요일,그날은 일요일이에요! 혹시 더 궁금한 거 있어요?
2028년 4월 3일은 무슨 요일인가요?,"{""tool_call"": {""name"": ""calculate_day_of_week_"", ""arguments"": {""date_str"": ""2028-04-03""}}}",월요일,2028년 4월 3일은 월요일이네요. 참고가 됐으면 좋겠어요!
2027년 9월 2일 이후 21일째 되는 날 날짜 알려줘,"{""tool_call"": {""name"": ""calculate_date_"", ""arguments"": {""date_str"": ""2027-09-02"", ""days"": 21}}}",2027년 9월 23일,2027년 09월 23일입니다 😊 일정에 도움이 되길 바라요!
2025년 7월 6일 요일만 딱 말해줘,"{""tool_call"": {""name"": ""calculate_day_of_week_"", ""arguments"": {""date_str"": ""2025-07-06""}}}",일요일,요청하신 날짜(2025년 7월 6일)는 일요일입니다.
2024년 2월 18일로부터 13일 지나면 날짜가?,"{""tool_call"": {""name"": ""calculate_date_"", ""arguments"": {""date_str"": ""2024-02-18"", ""days"": 13}}}",2024년 3월 2일,2024년 2월 18일에서 계산하면 2024년 03월 02일입니다. 더 계산해볼까요?
2027년 10월 17일이 무슨 요일인지 짧게 알려줘,"{""tool_call"": {""name"": ""calculate_day_of_week_"", ""arguments"": {""date_str"": ""2027-10-17""}}}",일요일,요청하신 날짜(2027년 10월 17일)는 일요일입니다.
2026년 6월 16일이 월/화/수 중 뭐야? (정확히 알려줘),"{""tool_call"": {""name"": ""calculate_day_of_week_"", ""arguments"": {""date_str"": ""2026-06-16""}}}",화요일,2026년 6월 16일은 화요일입니다. 필요하면 전후 날짜도 계산해드릴게요.
2026년 11월 9일의 weekday가 뭐야?,"{""tool_call"": {""name"": ""calculate_day_of_week_"", ""arguments"": {""date_str"": ""2026-11-09""}}}",월요일,그날은 월요일이에요! 혹시 더 궁금한 거 있어요?
"2026년 5월 17일, 요일 체크해줘!","{""tool_call"": {""name"": ""calculate_day_of_week_"", ""arguments"": {""date_str"": ""2026-05-17""}}}",일요일,2026년 5월 17일은 일요일입니다. 필요하면 전후 날짜도 계산해드릴게요.
2026년 10월 22일은 무슨 요일인가요?,"{""tool_call"": {""name"": ""calculate_day_of_week_"", ""arguments"": {""date_str"": ""2026-10-22""}}}",목요일,요청하신 날짜(2026년 10월 22일)는 목요일입니다.
2027년 8월 24일부터 5일 전은 언제야?,"{""tool_call"": {""name"": ""calculate_date_"", ""arguments"": {""date_str"": ""2027-08-24"", ""days"": -5}}}",2027년 8월 19일,원하신 날짜는 2027년 08월 19일입니다. 맞죠?
2024/7/10부터 16일 전이 며칠인지 알려줘,"{""tool_call"": {""name"": ""calculate_date_"", ""arguments"": {""date_str"": ""2024-07-10"", ""days"": -16}}}",2024년 6월 24일,2024년 06월 24일입니다 😊 일정에 도움이 되길 바라요!
2026-02-17 요일 알려줘,"{""tool_call"": {""name"": ""calculate_day_of_week_"", ""arguments"": {""date_str"": ""2026-02-17""}}}",화요일,2026년 2월 17일은 화요일입니다. 필요하면 전후 날짜도 계산해드릴게요.
2024-12-04 요일 알려줘,"{""tool_call"": {""name"": ""calculate_day_of_week_"", ""arguments"": {""date_str"": ""2024-12-04""}}}",수요일,요청하신 날짜(2024년 12월 4일)는 수요일입니다.
2028/11/21부터 3일 전이 며칠인지 알려줘,"{""tool_call"": {""name"": ""calculate_date_"", ""arguments"": {""date_str"": ""2028-11-21"", ""days"": -3}}}",2028년 11월 18일,2028년 11월 18일입니다 😊 일정에 도움이 되길 바라요!
2028년 4월 17일은 무슨 요일인가요?,"{""tool_call"": {""name"": ""calculate_day_of_week_"", ""arguments"": {""date_str"": ""2028-04-17""}}}",월요일,2028년 4월 17일 → 월요일입니다. 다른 날짜도 확인해드릴까요?
2025년 5월 29일 다음으로 4일 지난 날은?,"{""tool_call"": {""name"": ""calculate_date_"", ""arguments"": {""date_str"": ""2025-05-29"", ""days"": 4}}}",2025년 6월 2일,요청하신 결과: 2025년 06월 02일입니다. 추가로 요일도 확인해드릴까요?
2024-08-16 요일 알려줘,"{""tool_call"": {""name"": ""calculate_day_of_week_"", ""arguments"": {""date_str"": ""2024-08-16""}}}",금요일,2024년 8월 16일은 금요일이네요. 참고가 됐으면 좋겠어요!
2025년 3월 24일 기준 12일 전 날짜를 계산해줘,"{""tool_call"": {""name"": ""calculate_date_"", ""arguments"": {""date_str"": ""2025-03-24"", ""days"": -12}}}",2025년 3월 12일,결과는 2025년 03월 12일입니다
2024년 11월 9일 요일만 딱 말해줘,"{""tool_call"": {""name"": ""calculate_day_of_week_"", ""arguments"": {""date_str"": ""2024-11-09""}}}",토요일,2024년 11월 9일 → 토요일입니다. 다른 날짜도 확인해드릴까요?
2028년 5월 2일 기준으로 18일 후 날짜를 계산해줘,"{""tool_call"": {""name"": ""calculate_date_"", ""arguments"": {""date_str"": ""2028-05-02"", ""days"": 18}}}",2028년 5월 20일,2028년 05월 20일! 확인 완료입니다.
2024년 4월 12일에서 120일 뒤 날짜 알려줘,"{""tool_call"": {""name"": ""calculate_date_"", ""arguments"": {""date_str"": ""2024-04-12"", ""days"": 120}}}",2024년 8월 10일,결과는 2024년 08월 10일입니다
2027년 4월 19일이 월/화/수 중 뭐야? (정확히 알려줘),"{""tool_call"": {""name"": ""calculate_day_of_week_"", ""arguments"": {""date_str"": ""2027-04-19""}}}",월요일,확인해보니 2027년 4월 19일은 월요일입니다 😊
2027년 5월 6일 요일을 알려줘,"{""tool_call"": {""name"": ""calculate_day_of_week_"", ""arguments"": {""date_str"": ""2027-05-06""}}}",목요일,2027년 5월 6일은 목요일이네요. 참고가 됐으면 좋겠어요!
2026년 12월 29일이 무슨 요일인지 짧게 알려줘,"{""tool_call"": {""name"": ""calculate_day_of_week_"", ""arguments"": {""date_str"": ""2026-12-29""}}}",화요일,확인해보니 2026년 12월 29일은 화요일입니다 😊
2024년 8월 5일 요일만 딱 말해줘,"{""tool_call"": {""name"": ""calculate_day_of_week_"", ""arguments"": {""date_str"": ""2024-08-05""}}}",월요일,2024년 8월 5일의 요일은 월요일입니다!
2027/5/11은 무슨 요일이죠?,"{""tool_call"": {""name"": ""calculate_day_of_week_"", ""arguments"": {""date_str"": ""2027-05-11""}}}",화요일,2027년 5월 11일은 화요일입니다. 필요하면 전후 날짜도 계산해드릴게요.
2028년 7월 7일에서 정확히 8일 전은 며칠이야?,"{""tool_call"": {""name"": ""calculate_date_"", ""arguments"": {""date_str"": ""2028-07-07"", ""days"": -8}}}",2028년 6월 29일,원하신 날짜는 2028년 06월 29일입니다. 맞죠?
2028년 7월 29일 요일을 알려줘,"{""tool_call"": {""name"": ""calculate_day_of_week_"", ""arguments"": {""date_str"": ""2028-07-29""}}}",토요일,요청하신 날짜(2028년 7월 29일)는 토요일입니다.
2024/9/28부터 23일 전이 며칠인지 알려줘,"{""tool_call"": {""name"": ""calculate_date_"", ""arguments"": {""date_str"": ""2024-09-28"", ""days"": -23}}}",2024년 9월 5일,정리하면 2024년 09월 05일입니다. 혹시 기간을 바꿔 다시 계산할까요?
2025년 1월 24일 요일을 알려줘,"{""tool_call"": {""name"": ""calculate_day_of_week_"", ""arguments"": {""date_str"": ""2025-01-24""}}}",금요일,그날은 금요일이에요! 혹시 더 궁금한 거 있어요?
2028/10/26은 무슨 요일이죠?,"{""tool_call"": {""name"": ""calculate_day_of_week_"", ""arguments"": {""date_str"": ""2028-10-26""}}}",목요일,그날은 목요일이에요! 혹시 더 궁금한 거 있어요?
2024년 8월 10일에 250일 더하면 며칠이야?,"{""tool_call"": {""name"": ""calculate_date_"", ""arguments"": {""date_str"": ""2024-08-10"", ""days"": 250}}}",2025년 4월 17일,2025년 04월 17일! 확인 완료입니다.
2024-04-26 기준 60일 후 날짜가 뭐야?,"{""tool_call"": {""name"": ""calculate_date_"", ""arguments"": {""date_str"": ""2024-04-26"", ""days"": 60}}}",2024년 6월 25일,2024년 4월 26일에서 계산하면 2024년 06월 25일입니다. 더 계산해볼까요?
2027년 3월 26일의 weekday가 뭐야?,"{""tool_call"": {""name"": ""calculate_day_of_week_"", ""arguments"": {""date_str"": ""2027-03-26""}}}",금요일,확인해보니 2027년 3월 26일은 금요일입니다 😊
2028/7/30부터 30일 뒤가 며칠인지 알려줘,"{""tool_call"": {""name"": ""calculate_date_"", ""arguments"": {""date_str"": ""2028-07-30"", ""days"": 30}}}",2028년 8월 29일,2028년 08월 29일입니다 😊 일정에 도움이 되길 바라요!
2027년 5월 26일에서 정확히 60일 뒤는 며칠이야?,"{""tool_call"": {""name"": ""calculate_date_"", ""arguments"": {""date_str"": ""2027-05-26"", ""days"": 60}}}",2027년 7월 25일,2027년 07월 25일입니다 😊 일정에 도움이 되길 바라요!
2027년 4월 27일로부터 365일 지나면 날짜가?,"{""tool_call"": {""name"": ""calculate_date_"", ""arguments"": {""date_str"": ""2027-04-27"", ""days"": 365}}}",2028년 4월 26일,2027년 4월 27일 기준 결과가 2028년 04월 26일입니다.
2027년 10월 11일 요일만 딱 말해줘,"{""tool_call"": {""name"": ""calculate_day_of_week_"", ""arguments"": {""date_str"": ""2027-10-11""}}}",월요일,그날은 월요일이에요! 혹시 더 궁금한 거 있어요?
2027년 6월 14일 기준으로 180일 후 날짜를 계산해줘,"{""tool_call"": {""name"": ""calculate_date_"", ""arguments"": {""date_str"": ""2027-06-14"", ""days"": 180}}}",2027년 12월 11일,원하신 날짜는 2027년 12월 11일입니다. 맞죠?
2025년 2월 27일에서 정확히 27일 뒤는 며칠이야?,"{""tool_call"": {""name"": ""calculate_date_"", ""arguments"": {""date_str"": ""2025-02-27"", ""days"": 27}}}",2025년 3월 26일,원하신 날짜는 2025년 03월 26일입니다. 맞죠?
2024년 9월 4일이 어떤 요일인지 궁금해,"{""tool_call"": {""name"": ""calculate_day_of_week_"", ""arguments"": {""date_str"": ""2024-09-04""}}}",수요일,확인해보니 2024년 9월 4일은 수요일입니다 😊
2026년 2월 4일은 무슨 요일인가요?,"{""tool_call"": {""name"": ""calculate_day_of_week_"", ""arguments"": {""date_str"": ""2026-02-04""}}}",수요일,요청하신 날짜(2026년 2월 4일)는 수요일입니다.
2028년 11월 10일로부터 30일 지나면 날짜가?,"{""tool_call"": {""name"": ""calculate_date_"", ""arguments"": {""date_str"": ""2028-11-10"", ""days"": 30}}}",2028년 12월 10일,2028년 12월 10일! 확인 완료입니다.
2024년 4월 30일 다음으로 11일 지난 날은?,"{""tool_call"": {""name"": ""calculate_date_"", ""arguments"": {""date_str"": ""2024-04-30"", ""days"": 11}}}",2024년 5월 11일,요청하신 결과: 2024년 05월 11일입니다. 추가로 요일도 확인해드릴까요?
2024년 11월 19일의 weekday가 뭐야?,"{""tool_call"": {""name"": ""calculate_day_of_week_"", ""arguments"": {""date_str"": ""2024-11-19""}}}",화요일,2024년 11월 19일은 화요일입니다. 혹시 추가 질문 있으신가요?
2027-12-31 요일 알려줘,"{""tool_call"": {""name"": ""calculate_day_of_week_"", ""arguments"": {""date_str"": ""2027-12-31""}}}",금요일,2027년 12월 31일은 금요일이네요. 참고가 됐으면 좋겠어요!
2028-05-02 요일 알려줘,"{""tool_call"": {""name"": ""calculate_day_of_week_"", ""arguments"": {""date_str"": ""2028-05-02""}}}",화요일,그날은 화요일이에요! 혹시 더 궁금한 거 있어요?
2024년 6월 27일은 토요일/일요일 중 어느 쪽이야?,"{""tool_call"": {""name"": ""calculate_day_of_week_"", ""arguments"": {""date_str"": ""2024-06-27""}}}",목요일,2024년 6월 27일은 목요일이네요. 참고가 됐으면 좋겠어요!
2025년 10월 9일에서 정확히 5일 뒤는 며칠이야?,"{""tool_call"": {""name"": ""calculate_date_"", ""arguments"": {""date_str"": ""2025-10-09"", ""days"": 5}}}",2025년 10월 14일,2025년 10월 9일 기준 결과가 2025년 10월 14일입니다.
2024년 8월 4일에서 28일 거슬러 올라가면 며칠이야?,"{""tool_call"": {""name"": ""calculate_date_"", ""arguments"": {""date_str"": ""2024-08-04"", ""days"": -28}}}",2024년 7월 7일,계산 결과 2024년 07월 07일이에요! 다른 날짜도 필요하시면 말씀해 주세요.
2025년 5월 21일에서 정확히 13일 전은 며칠이야?,"{""tool_call"": {""name"": ""calculate_date_"", ""arguments"": {""date_str"": ""2025-05-21"", ""days"": -13}}}",2025년 5월 8일,계산 결과 2025년 05월 08일이에요! 다른 날짜도 필요하시면 말씀해 주세요.
2028년 1월 1일에 19일 더하면 며칠이야?,"{""tool_call"": {""name"": ""calculate_date_"", ""arguments"": {""date_str"": ""2028-01-01"", ""days"": 19}}}",2028년 1월 20일,정리하면 2028년 01월 20일입니다. 혹시 기간을 바꿔 다시 계산할까요?
2025년 7월 31일에 250일 더하면 며칠이야?,"{""tool_call"": {""name"": ""calculate_date_"", ""arguments"": {""date_str"": ""2025-07-31"", ""days"": 250}}}",2026년 4월 7일,2026년 04월 07일입니다 😊 일정에 도움이 되길 바라요!
2027년 3월 1일 다음으로 2일 지난 날은?,"{""tool_call"": {""name"": ""calculate_date_"", ""arguments"": {""date_str"": ""2027-03-01"", ""days"": 2}}}",2027년 3월 3일,계산 결과 2027년 03월 03일이에요! 다른 날짜도 필요하시면 말씀해 주세요.
2028/8/18부터 200일 뒤가 며칠인지 알려줘,"{""tool_call"": {""name"": ""calculate_date_"", ""arguments"": {""date_str"": ""2028-08-18"", ""days"": 200}}}",2029년 3월 6일,2028년 8월 18일에서 계산하면 2029년 03월 06일입니다. 더 계산해볼까요?
2025년 6월 5일부터 3일 전은 언제야?,"{""tool_call"": {""name"": ""calculate_date_"", ""arguments"": {""date_str"": ""2025-06-05"", ""days"": -3}}}",2025년 6월 2일,계산해보니 2025년 06월 02일이네요. 계획 세우는 데 도움이 되길!
2024년 11월 26일 다음으로 29일 지난 날은?,"{""tool_call"": {""name"": ""calculate_date_"", ""arguments"": {""date_str"": ""2024-11-26"", ""days"": 29}}}",2024년 12월 25일,계산해보니 2024년 12월 25일이네요. 계획 세우는 데 도움이 되길!
2028년 5월 24일 기준으로 30일 후 날짜를 계산해줘,"{""tool_call"": {""name"": ""calculate_date_"", ""arguments"": {""date_str"": ""2028-05-24"", ""days"": 30}}}",2028년 6월 23일,결과는 2028년 06월 23일입니다
2025년 3월 22일에서 30일 앞은 언제야?,"{""tool_call"": {""name"": ""calculate_date_"", ""arguments"": {""date_str"": ""2025-03-22"", ""days"": -30}}}",2025년 2월 20일,계산 결과 2025년 02월 20일이에요! 다른 날짜도 필요하시면 말씀해 주세요.
2027년 6월 1일이 어떤 요일인지 궁금해,"{""tool_call"": {""name"": ""calculate_day_of_week_"", ""arguments"": {""date_str"": ""2027-06-01""}}}",화요일,2027년 6월 1일 → 화요일입니다. 다른 날짜도 확인해드릴까요?
2025년 1월 28일이 무슨 요일인지 짧게 알려줘,"{""tool_call"": {""name"": ""calculate_day_of_week_"", ""arguments"": {""date_str"": ""2025-01-28""}}}",화요일,그날은 화요일이에요! 혹시 더 궁금한 거 있어요?
2028년 6월 10일 요일만 딱 말해줘,"{""tool_call"": {""name"": ""calculate_day_of_week_"", ""arguments"": {""date_str"": ""2028-06-10""}}}",토요일,2028년 6월 10일은 토요일이네요. 참고가 됐으면 좋겠어요!
2024년 2월 20일에서 12일 앞은 언제야?,"{""tool_call"": {""name"": ""calculate_date_"", ""arguments"": {""date_str"": ""2024-02-20"", ""days"": -12}}}",2024년 2월 8일,2024년 02월 08일! 확인 완료입니다.
2025년 4월 2일은 무슨 요일인가요?,"{""tool_call"": {""name"": ""calculate_day_of_week_"", ""arguments"": {""date_str"": ""2025-04-02""}}}",수요일,그날은 수요일이에요! 혹시 더 궁금한 거 있어요?
